"ID","Text_enUS","Text_enGB","Text_koKR","Text_frFR","Text_deDE","Text_enCN","Text_zhCN","Text_enTW","Text_Mask"
"1","%s souhlasí s %s.","","","","","","","","8323198"
"2","%s s tebou souhlasí.","","","","","","","","8323198"
"3","Souhlasíš s %s.","","","","","","","","8323198"
"4","%s souhlasí.","","","","","","","","8323198"
"5","Souhlasíš.","","","","","","","","8323198"
"6","%s je v úžasu z %s!","","","","","","","","8323198"
"7","%s je z tebe v úžasu!","","","","","","","","8323198"
"8","Jsi v úžasu z %s!","","","","","","","","8323198"
"9","%s je v úžasu!","","","","","","","","8323198"
"10","Jsi v úžasu!","","","","","","","","8323198"
"11","%s v hněvu pozvedl na %s svou pěst.","","","","","","","","8323198"
"12","%s na tebe pozvedl v hněvu pěst.","","","","","","","","8323198"
"13","V hněvu jsi pozvedl na %s svou pěst.","","","","","","","","8323198"
"14","%s pozvedl v hněvu svou pěst.","","","","","","","","8323198"
"15","Pozvedl jsi v hněvu svou pěst.","","","","","","","","8323198"
"16","%s v hněvu pozvedla svou pěst na %s.","","","","","","","","8323198"
"17","%s v hněvu pozvedla svou pěst na tebe.","","","","","","","","8323198"
"18","%s v hněvu pozvedla svou pěst.","","","","","","","","8323198"
"19","%s se omlouvá %s.  Promiň!","","","","","","","","8323198"
"20","%s se ti omlouvá.  Promiň!","","","","","","","","8323198"
"21","Omlouváš se %s.  Promiň!","","","","","","","","8323198"
"22","%s se všem omlouvá.  Pardon!","","","","","","","","8323198"
"23","omlouváš se všem.  pardon!","","","","","","","","8323198"
"24","%s tleská %s.  Bravo!","","","","","","","","8323198"
"25","%s ti tleská.  Bravo!","","","","","","","","8323198"
"26","Tleskáš %s.  Bravo!","","","","","","","","8323198"
"27","%s tleská.  Bravo!","","","","","","","","8323198"
"28","Tleskáš.  Bravo!","","","","","","","","8323198"
"29","%s se tolik ostýchá...příliž na to, získat pozornost %s.","","","","","","","","8323198"
"30","%s se tolik ostýchá...příliž na to, získat tvou pozornost.","","","","","","","","8323198"
"31","Tolik se ostýcháš...příliž na to, získat pozornost %s.","","","","","","","","8323198"
"32","%s se stydí.","","","","","","","","8323198"
"33","Jsi stydlivý.","","","","","","","","8323198"
"34","%s zve %s.","","","","","","","","8323198"
"35","%s tě zve.","","","","","","","","8323198"
"36","Zveš %s.","","","","","","","","8323198"
"37","%s zve všechny.","","","","","","","","8323198"
"38","Zveš všechny k sobě.","","","","","","","","8323198"
"39","%s prosí %s.  Jak ubohé.","","","","","","","","8323198"
"40","%s tě prosí.  Jak ubohé.","","","","","","","","8323198"
"41","Prosíš %s. Jak ubohé.","","","","","","","","8323198"
"42","%s prosí všechny kolem něj.  Jak ubohé.","","","","","","","","8323198"
"43","Prosíš všechny kolem sebe. Jak ubohé.","","","","","","","","8323198"
"44","%s prosí včechny kolem ní.  Jak ubohé.","","","","","","","","8323198"
"45","%s kousl %s.  Au!","","","","","","","","8323198"
"46","%s tě kousl.  Au!","","","","","","","","8323198"
"47","kousl jsi %s.  Au!","","","","","","","","8323198"
"48","%s poohííží se po někom ke kousání.","","","","","","","","8323198"
"49","Díváš se kolem po něčem k snědku.","","","","","","","","8323198"
"50","Krev se řine z %s ran.","","","","","","","","8323198"
"51","Krev se řine z tvých ran.","","","","","","","","8323198"
"52","%s mrkl na %s.","","","","","","","","8323198"
"53","%s mrkl na tebe.","","","","","","","","8323198"
"54","mrkl jsi na %s.","","","","","","","","8323198"
"55","%s záblesk.","","","","","","","","8323198"
"56","Ty mrkáš svýma očima.","","","","","","","","8323198"
"57","%s se červená na %s.","","","","","","","","8323198"
"58","%s se na tebe červená.","","","","","","","","8323198"
"59","Červenáš se na %s.","","","","","","","","8323198"
"60","%s se červená.","","","","","","","","8323198"
"61","Červenáš se.","","","","","","","","8323198"
"62","%s fláknul %s do kebule.  Ou!","","","","","","","","8323198"
"63","%s tě fláknul do kebule.  Ou!","","","","","","","","8323198"
"64","Fláknul jsi %s do kebule.  Ou!","","","","","","","","8323198"
"65","%s se fláknul do kebule.  Ou!","","","","","","","","8323198"
"66","Fláknul jsi se do kebule.  Ou!","","","","","","","","8323198"
"67","%s fláknul jsi se do kebule.  Ou!","","","","","","","","8323198"
"68","%s je příšerně znuďěn %s.","","","","","","","","8323198"
"69","%s je tebou příšerně znuďěn.","","","","","","","","8323198"
"70","Jsi příšerně znuďěn %s.","","","","","","","","8323198"
"71","%s překonává nudu.  Och, ta lopota!","","","","","","","","8323198"
"72","Překováváš nudu.  Och, ta lopota!","","","","","","","","8323198"
"73","%s skáče nahoru,dolů a vpřed %s.","","","","","","","","8323198"
"74","%s před tebou skáče nahoru a dolů.","","","","","","","","8323198"
"75","Odrážíš se nahoru a dolů před %s.","","","","","","","","8323198"
"76","%s skáče nahoru a dolů.","","","","","","","","8323198"
"77","Skáčeš nahoru a dolů.","","","","","","","","8323198"
"78","%s bude hned zpátky. Zůstaň sedět, %s.","","","","","","","","8323198"
"79","%s bude hned zpátky.  Zůstaňte sedět.","","","","","","","","8323198"
"80","Oznamuješ %s, že budeš hned zpátky.","","","","","","","","8323198"
"81","%s bude hned zpátky.","","","","","","","","8323198"
"82","Oznamuješ všem, že budeš hned zpátky.","","","","","","","","8323198"
"83","% se klaní %.","","","","","","","","8323198"
"84","% se ti klaní.","","","","","","","","8323198"
"85","Skláníš se před %s.","","","","","","","","8323198"
"86","%s se taktně klaní.","","","","","","","","8323198"
"87","Taktně se klaníš.","","","","","","","","8323198"
"88","%s nevychovaně říhá do tváře %s.","","","","","","","","8323198"
"89","%s nevychovaně říhá do tvé tváře.","","","","","","","","8323198"
"90","Nevychovaně si říháš do tváře %s.","","","","","","","","8323198"
"91","%s si hlasitě krknul.","","","","","","","","8323198"
"92","Hlasitě sis grknul.","","","","","","","","8323198"
"93","%s mává a loučí se s %s.  Zboheml!","","","","","","","","8323198"
"94","%s mává a loučí se tebou. Zbohem!","","","","","","","","8323198"
"95","Máváš na rozloučenou s %s.  Zbohem!","","","","","","","","8323198"
"96","%s mává všem na rozloučenou. Sbohem!","","","","","","","","8323198"
"97","Máváš všem na rozloučenou.  Sbohem!","","","","","","","","8323198"
"98","%s šíleně kdáká na %s.","","","","","","","","8323198"
"99","%s vášnivě na tebe kdáká.","","","","","","","","8323198"
"100","Vášnivě štěbetáš na %s.","","","","","","","","8323198"
"101","%s šíleně kdáká.","","","","","","","","8323198"
"102","Šíleně kdákáte.","","","","","","","","8323198"
"103","%s fandí %s!","","","","","","","","8323198"
"104","%s ti fandí.","","","","","","","","8323198"
"105","Fandíš %s.","","","","","","","","8323198"
"106","%s jásá!","","","","","","","","8323198"
"107","Jásáš!","","","","","","","","8323198"
"108","Mávající rukama, %s kráčí kolem %s.  Kvok, kvok, slepice!","","","","","","","","8323198"
"109","Mávající rukama, %s kráčí kolem tebe.  Kvok, kvok, slepice!","","","","","","","","8323198"
"110","Mávající rukama, kráčíš kolem %s.  Kvok, kvok, slepice!","","","","","","","","8323198"
"111","Mávající rukama, %s kráčí kolem.  Kvok, kvok, slepice!","","","","","","","","8323198"
"112","Mávající rukama, kráčíš kolem.  Kvok, kvok, slepice!","","","","","","","","8323198"
"113","%s se chichotá na %s.","","","","","","","","8323198"
"114","%s se na tebe chichotá.","","","","","","","","8323198"
"115","Chichotáš se na %s.","","","","","","","","8323198"
"116","%s se srdečně zasmál.","","","","","","","","8323198"
"117","Zasmál jsi se z plných plic.","","","","","","","","8323198"
"118","%s nadšeně tleská %s.","","","","","","","","8323198"
"119","%s ti nadšeně tleská.","","","","","","","","8323198"
"120","Nadšeně tleskáš %s.","","","","","","","","8323198"
"121","%s nadšeně tleská.","","","","","","","","8323198"
"122","Nadšeně tleskáš.","","","","","","","","8323198"
"123","%s se zmateně dívá na %s.","","","","","","","","8323198"
"124","%s se na tebe zmateně dívá.","","","","","","","","8323198"
"125","Díváš se na %s s podiveným výrazem.","","","","","","","","8323198"
"126","%s je beznadějně zmatený.","","","","","","","","8323198"
"127","Jsi beznadějně zmatený.","","","","","","","","8323198"
"128","%s gratuluje %s.","","","","","","","","8323198"
"129","%s ti gratuluje.","","","","","","","","8323198"
"130","Gratuluješ %s.","","","","","","","","8323198"
"131","%s všem gratuluje.","","","","","","","","8323198"
"132","Gratuluješ všem kolem sebe.","","","","","","","","8323198"
"133","%s kašle na %s.","","","","","","","","8323198"
"134","%s na tebe kašle.","","","","","","","","8323198"
"135","Kašleš na %s.","","","","","","","","8323198"
"136","%s kašle.","","","","","","","","8323198"
"137","Hlasitě jsi zakašlal.","","","","","","","","8323198"
"138","%s cowers in fear at the sight of %s.","","","","","","","","8323198"
"139","%s cowers in fear at the sight of you.","","","","","","","","8323198"
"140","You cower in fear at the sight of %s.","","","","","","","","8323198"
"141","%s se choulí ve strachu.","","","","","","","","8323198"
"142","Krčíš se strachem.","","","","","","","","8323198"
"143","%s svírá ruce v pěsti, zatímco zírá na %s.","","","","","","","","8323198"
"144","%s svírá ruce v pěsti, zatímco na tebe zírá.","","","","","","","","8323198"
"145","Svíráš ruce v pěsti, zatímco zíráš na %s.","","","","","","","","8323198"
"146","%s svírá ruce v pěsti.","","","","","","","","8323198"
"147","Svíráš ruce v pěsti.","","","","","","","","8323198"
"148","%s svírá ruce v pěsti, zatímco zírá na %s.","","","","","","","","8323198"
"149","%s svírá ruce v pěsti, zatímco na tebe zírá.","","","","","","","","8323198"
"150","%s svírá ruce v pěsti.","","","","","","","","8323198"
"151","%s se plazí pryč od %s.","","","","","","","","8323198"
"152","%s se od tebe plazí pryč.","","","","","","","","8323198"
"153","Plazíš se pryč od %s.","","","","","","","","8323198"
"154","%s se krčí strachem.","","","","","","","","8323198"
"155","Krčíš se strachem.","","","","","","","","8323198"
"156","%s pláče na rameni %s.","","","","","","","","8323198"
"157","%s pláče na tvém rameni.","","","","","","","","8323198"
"158","Pláčeš na rameni %s.","","","","","","","","8323198"
"159","%s pláče.","","","","","","","","8323198"
"160","Ty brečíš.","","","","","","","","8323198"
"161","%s by zajímalo, co má %s za lubem.","","","","","","","","8323198"
"162","%s by zajímalo, co máš za lubem.","","","","","","","","8323198"
"163","Zajímá tě, co má %s za lubem.","","","","","","","","8323198"
"164","%s ukazuje všem svou zvědavost.","","","","","","","","8323198"
"165","Můžete vyjádřit svůj zájem o okolí.","","","","","","","","8323198"
"166","%s dává všem najevo svou zvědavost.","","","","","","","","8323198"
"167","%s pokleká před %s.","","","","","","","","8323198"
"168","%s před tebou pokleká.","","","","","","","","8323198"
"169","Klaníš se před %s.","","","","","","","","8323198"
"170","%s se klaní.","","","","","","","","8323198"
"171","Klaníš se.","","","","","","","","8323198"
"172","%s tancuje s %s.","","","","","","","","8323198"
"173","%s s tebou tancuje.","","","","","","","","8323198"
"174","Tancuješ s %s.","","","","","","","","8323198"
"175","%s se dává do tance.","","","","","","","","8323198"
"176","Dáváte se do tance.","","","","","","","","8323198"
"177","%s zvedá k %s číši.  Nazdraví!","","","","","","","","8323198"
"178","%s ti připíjí na zdraví.","","","","","","","","8323198"
"179","Připíjíš na zdraví %s.","","","","","","","","8323198"
"180","%s si připíjí na zdraví!","","","","","","","","8323198"
"181","Zvedáš číší do vzduchu.  Nazdraví!","","","","","","","","8323198"
"182","%sse dívá na %s a začíná slintat.","","","","","","","","8323198"
"183","%s se na tebe dívá a začíná slintat.","","","","","","","","8323198"
"184","Díváš se na %s a začínáš slintat.","","","","","","","","8323198"
"185","Sliny stékají %s ze rtů.","","","","","","","","8323198"
"186","Sliny ti stékají ze rtů.","","","","","","","","8323198"
"187","%s začíná jíst před %s.","","","","","","","","8323198"
"188","%s před tebou začíná jíst porci jídla.","","","","","","","","8323198"
"189","Začínáš jíst před %s.","","","","","","","","8323198"
"190","%s začíná jíst.","","","","","","","","8323198"
"191","Začínáš jíst.","","","","","","","","8323198"
"192","%s prohlédl %s od vrchu dolů.","","","","","","","","8323198"
"193","%s si vás prohlédl od vrchu dolů.","","","","","","","","8323198"
"194","Prohlédl jsi si %s od vrchu až dolů.","","","","","","","","8323198"
"195","%s se na tebe dívá se zkříženými očima.","","","","","","","","8323198"
"196","Přejíždíš očima kolem.","","","","","","","","8323198"
"197","%s nesouhlasí s %s a hlasitě si uprdne.","","","","","","","","8323198"
"198","%s na vás hlasitě prdí.","","","","","","","","8323198"
"199","Nesouhlasíš s %s a hlasitě si uprdneš.","","","","","","","","8323198"
"200","%s si nahlas ulevil. No nazdar... co to smrdí?","","","","","","","","8323198"
"201","nahlas sis ulevil.  No nazdar... co to smrdí?","","","","","","","","8323198"
"202","%s s sebou netrpělivě šije, zatímco čeká na %s.","","","","","","","","8323198"
"203","%s s sebou netrpělivě šije, zatímco na tebe čeká.","","","","","","","","8323198"
"204","Netrpělivě s sebou šiješ, zatímco čekáš na %s.","","","","","","","","8323198"
"205","%s sebou pošívá.","","","","","","","","8323198"
"206","Ošíváš sebou","","","","","","","","8323198"
"207","%s napíná svaly na %s.  Ooooo tak silné!","","","","","","","","8323198"
"208","%s na tebe napíná svaly.  Ooooo tak silné!","","","","","","","","8323198"
"209","Napínáš svaly na %s.  Ooooo tak silné!","","","","","","","","8323198"
"210","%s napíná svaly.  Ooooo tak silné!","","","","","","","","8323198"
"211","Napínáš svaly.  Ooooo tak silné!","","","","","","","","8323198"
"212","%s napíná svaly.  Ooooo tak silné!","","","","","","","","8323198"
"213","%s zklamaně vraští čelo na %s.","","","","","","","","8323198"
"214","%s na tebe zklamaně vraští čelo.","","","","","","","","8323198"
"215","Zklamaně vraštíš čelo na %s.","","","","","","","","8323198"
"216","%s vraští čelo.","","","","","","","","8323198"
"217","Vraštíš čelo.","","","","","","","","8323198"
"218","%s oddychuje u %s.","","","","","","","","8323198"
"219","%s si s tebou oddychl.","","","","","","","","8323198"
"220","Lapáš po dechu z %s.","","","","","","","","8323198"
"221","%s oddychuje.","","","","","","","","8323198"
"222","Oddechuješ si","","","","","","","","8323198"
"223","%s dlouze zírá na %s.","","","","","","","","8323198"
"224","%s na tebe dlouze zírá.","","","","","","","","8323198"
"225","Dlouze zíráš na %s.","","","","","","","","8323198"
"226","%s zírá do dálky.","","","","","","","","8323198"
"227","Zíráš do dálky.","","","","","","","","8323198"
"228","%s se hihňá %s.","","","","","","","","8323198"
"229","%s se ti hihňá.","","","","","","","","8323198"
"230","Hihňáš se %s.","","","","","","","","8323198"
"231","%s se hihňá.","","","","","","","","8323198"
"232","Hihňáš se.","","","","","","","","8323198"
"233","%s rozzlobeně civí na %s.","","","","","","","","8323198"
"234","%s na tebe rozzlobeně civí.","","","","","","","","8323198"
"235","Rozzlobeně civíš na %s.","","","","","","","","8323198"
"236","%s civí rozzlobeně.","","","","","","","","8323198"
"237","Rozzuřeně se díváš.","","","","","","","","8323198"
"238","%s se pase nad neštěstím %s'.","","","","","","","","8323198"
"239","%s se pase nad tvým neštěstím.","","","","","","","","8323198"
"240","Paseš se nad neštěstím %s.","","","","","","","","8323198"
"241","%s se pase nad neštěstím všech.","","","","","","","","8323198"
"242","Paseš se nad neštěstím všech.","","","","","","","","8323198"
"243","%s vřele vítá %s.","","","","","","","","8323198"
"244","%s tě vřele vítá.","","","","","","","","8323198"
"245","Vřele vítáš %s.","","","","","","","","8323198"
"246","%s všechny vřele vítá.","","","","","","","","8323198"
"247","Vřele všechny vítáš.","","","","","","","","8323198"
"248","%s se uličnicky kření na %s.","","","","","","","","8323198"
"249","%s se na tebe uličnicky kření.","","","","","","","","8323198"
"250","Uličnicky se křeníš na %s.","","","","","","","","8323198"
"251","%s se uličnicky kření.","","","","","","","","8323198"
"252","Uličnicky se křeníš.","","","","","","","","8323198"
"253","%s kouká na %s a sténá.","","","","","","","","8323198"
"254","%s se na tebe sténavě dívá.","","","","","","","","8323198"
"255","Koukáš na %s a sténáš.","","","","","","","","8323198"
"256","%s začíná vzdychat.","","","","","","","","8323198"
"257","Začínáš vzdychat.","","","","","","","","8323198"
"258","%s se plazí před %s jako podřízený dělník.","","","","","","","","8323198"
"259","%s se plazí před vámi jako podřízený dělník.","","","","","","","","8323198"
"260","Plazíte se před %s jako podřízený dělník.","","","","","","","","8323198"
"261","%s se plazí po zemi, utápějící se v podřízenosti.","","","","","","","","8323198"
"262","Plazíš se po zemi, utápějící se v podřízenosti.","","","","","","","","8323198"
"263","%s se kouká na %s a chechtá se!","","","","","","","","8323198"
"264","%s stačil jeden pohled na tebe a vybuchl smíchy!","","","","","","","","8323198"
"265","Stačil jeden pohled na %s a vybuchl jsi smíchy!","","","","","","","","8323198"
"266","%s se divoce chechtá!","","","","","","","","8323198"
"267","Divoce se chechtáš!","","","","","","","","8323198"
"268","%s zdraví %s.","","","","","","","","8323198"
"269","%s tě zdraví.","","","","","","","","8323198"
"270","Zdravíš %s.","","","","","","","","8323198"
"271","%s zdraví všechny okolo.","","","","","","","","8323198"
"272","Zdravíš všechny okolo.","","","","","","","","8323198"
"273","%s zdraví všechny okolo.","","","","","","","","8323198"
"274","%s je velmi šťastný s %s!","","","","","","","","8323198"
"275","%s je velmi šťastný s tebou!","","","","","","","","8323198"
"276","Jsi velmi šťastný s %s!","","","","","","","","8323198"
"277","%s je naplněn radostí!","","","","","","","","8323198"
"278","Jsi naplněn štestím!","","","","","","","","8323198"
"279","%s zdraví %s srdečným pozdravem!","","","","","","","","8323198"
"280","%s tě zdraví srdečným pozdravem!","","","","","","","","8323198"
"281","Zdravíš %s srdečným pozdraven!","","","","","","","","8323198"
"282","%s zdraví všechny srdečným pozdravem!","","","","","","","","8323198"
"283","Zdravíš všechny srdečným pozdravem!","","","","","","","","8323198"
"284","%s objímá %s.","","","","","","","","8323198"
"285","%s tě objímá.","","","","","","","","8323198"
"286","Objímáš %s.","","","","","","","","8323198"
"287","%s potřebuje obejmutí!","","","","","","","","8323198"
"288","Potřebuješ obejmout!","","","","","","","","8323198"
"289","%s je hladový. %s možná má nějaké jídlo...","","","","","","","","8323198"
"290","%s je hladový.  Možná máš nějaké jídlo...","","","","","","","","8323198"
"291","Jsi hladový.  %s má možná nějaké jídlo...","","","","","","","","8323198"
"292","%s je hladový!","","","","","","","","8323198"
"293","Jsi hladový!","","","","","","","","8323198"
"294","%s posílá %s polibek.","","","","","","","","8323198"
"295","%s ti posílá polibek.","","","","","","","","8323198"
"296","Posíláš polibek %s.","","","","","","","","8323198"
"297","%s posílá polibek do vzduchu.","","","","","","","","8323198"
"298","Posíláš polibek do vzduchu.","","","","","","","","8323198"
"299","%s pokleknul před %s.","","","","","","","","8323198"
"300","%s před tebou poklekl.","","","","","","","","8323198"
"301","Poklekl jsi před %s.","","","","","","","","8323198"
"302","%s pokleknul.","","","","","","","","8323198"
"303","Poklekl jsi.","","","","","","","","8323198"
"304","%s se směje na %s.","","","","","","","","8323198"
"305","%s se na tebe směje.","","","","","","","","8323198"
"306","Směješ se na %s.","","","","","","","","8323198"
"307","%s se směje.","","","","","","","","8323198"
"308","Směješ se.","","","","","","","","8323198"
"309","%s si lehl před %s.","","","","","","","","8323198"
"310","%s si před tebou lehl.","","","","","","","","8323198"
"311","Lehl jsi před %s.","","","","","","","","8323198"
"312","%s si lehnul.","","","","","","","","8323198"
"313","Lehnul sis.","","","","","","","","8323198"
"314","%s masíruje %s ramena.","","","","","","","","8323198"
"315","%s ti masíruje ramena.","","","","","","","","8323198"
"316","Masíruješ %s ramena.","","","","","","","","8323198"
"317","%s potřebuje masáž!","","","","","","","","8323198"
"318","Potřebuješ masáž!","","","","","","","","8323198"
"319","%s sugestivně běduje na %s.","","","","","","","","8323198"
"320","%s na tebe sugestivně běduje.","","","","","","","","8323198"
"321","Sugestivně běduješ na %s.","","","","","","","","8323198"
"322","%s sugestivně běduje.","","","","","","","","8323198"
"323","Sugestivně sténáš.","","","","","","","","8323198"
"324","%s si stáhl kalhoty a špulí zadek na %s.","","","","","","","","8323198"
"325","%s si stáhl kalhoty a špulí na tebe zadek.","","","","","","","","8323198"
"326","Stahuješ si kalhoty a na všechny špulíš zadek %s.","","","","","","","","8323198"
"327","%s si stáhl kalhoty a na všechny špulí zadek.","","","","","","","","8323198"
"328","Stahuješ si kalhoty a na všechny špulíš zadek.","","","","","","","","8323198"
"329","%s si stáhla kalhoty a špulí zadek na %s.","","","","","","","","8323198"
"330","%s si stáhla kalhoty a špulí na tebe zadek.","","","","","","","","8323198"
"331","%s si stáhla kalhoty a na všechny špulí zadek.","","","","","","","","8323198"
"332","V tichém rozjímání, %s truchlí pro %s.","","","","","","","","8323198"
"333","V tichém rozjímání %s truchlí nad tvou smrtí.","","","","","","","","8323198"
"334","V tichém rozjímání truchlíš nad smrtí %s.","","","","","","","","8323198"
"335","V tichém rozjímání %s truchlí nad mrtvými.","","","","","","","","8323198"
"336","V tichém rozjímání, truchlíš ze ztráty mrtvých.","","","","","","","","8323198"
"337","%s říká %s NE. To se nestane.","","","","","","","","8323198"
"338","%s ti říká NE.  To se nestane.","","","","","","","","8323198"
"339","Říkáš %s NE.  To se nestane.","","","","","","","","8323198"
"340","%s jasně prohlašuje NE.","","","","","","","","8323198"
"341","Jasně prohlašuješ NE.","","","","","","","","8323198"
"342","%s přikyvuje %s.","","","","","","","","8323198"
"343","%s ti přikyvuje.","","","","","","","","8323198"
"344","Přikyvuješ %s.","","","","","","","","8323198"
"345","%s přikyvuje.","","","","","","","","8323198"
"346","Přikyvuješ.","","","","","","","","8323198"
"347","%s se šťourá v nose a ukazuje výsledek %s.","","","","","","","","8323198"
"348","%s se šťourá v nose a ukazuje ti výsledek.","","","","","","","","8323198"
"349","Šťouráš se v nose a ukazuješ výsledek %s.","","","","","","","","8323198"
"350","%s se nudí a dloube se v nose.","","","","","","","","8323198"
"351","Dloubáš se nudou v nose.","","","","","","","","8323198"
"352","%s se šťourá v nose a ukazuje výsledek %s.","","","","","","","","8323198"
"353","%s se šťourá v nose a ukazuje ti výsledek.","","","","","","","","8323198"
"354","%s z prvního pohledu na %s panikaří.","","","","","","","","8323198"
"355","%s z prvního pohledu na tebe panikaří.","","","","","","","","8323198"
"356","Z prvního pohledu na %s panikaříš.","","","","","","","","8323198"
"357","%s běhá okolo ve stavu horečné paniky.","","","","","","","","8323198"
"358","Panicky běháš kolem dokola.","","","","","","","","8323198"
"359","%s pátravě pokukuje na %s.","","","","","","","","8323198"
"360","%s na tebe pátravě pokukuje.","","","","","","","","8323198"
"361","Pátravě pokukuješ na %s.","","","","","","","","8323198"
"362","%s pátravě pokukuje okolo.","","","","","","","","8323198"
"363","Pátravě se rozhlížíš.","","","","","","","","8323198"
"364","%s prosí %s.","","","","","","","","8323198"
"365","%s tě prosí.","","","","","","","","8323198"
"366","Ty prosíš %s.","","","","","","","","8323198"
"367","%s kleká na kolena a zoufale prosí.","","","","","","","","4128894"
"368","Ty klekáš na kolena a zoufale prosíš.","","","","","","","","8323198"
"369","%s kleká na kolena a zoufale prosí.","","","","","","","","8323198"
"370","%s ukazuje na %s.","","","","","","","","8323198"
"371","%s ukazuje na tebe.","","","","","","","","8323198"
"372","Ty ukazuješ na %s.","","","","","","","","8323198"
"373","%s ukazuje přes tamto.","","","","","","","","8323198"
"374","Ty ukazuješ přes tamto.","","","","","","","","8323198"
"375","%s popichuje %s.  Hej!","","","","","","","","8323198"
"376","%s tě popichuje. Hej!","","","","","","","","8323198"
"377","Ty popichuješ %s. Hej!","","","","","","","","8323198"
"378","%s popichuje jeho břicho.","","","","","","","","8323198"
"379","Ty hladíš svoje břicho a hihňáš se. ","","","","","","","","8323198"
"380","%s jí popichuje břicho a hihňá se.","","","","","","","","8323198"
"381","%s se modlí za %s.","","","","","","","","8323198"
"382","%s se za tebe modlí. ","","","","","","","","8323198"
"383","Ty se modlíš za %s.","","","","","","","","8323198"
"384","%s se modlí k Bohu. ","","","","","","","","8323198"
"385","Ty se modlíš k Bohu.","","","","","","","","8323198"
"386","%s řve s bestiálním důrazem na %s. Taková zuřivost!","","","","","","","","8323198"
"387","%s na tebe řve s bestiálním důrazem. Taková zuřivost!","","","","","","","","8323198"
"388","Řveš s bestiálním důrazem na %s. Taková zuřivost!","","","","","","","","8323198"
"389","%s řve s bestiálním důrazem. Taková zuřivost!","","","","","","","","8323198"
"390","Řveš s bestiálním důrazem. Taková zuřivost!","","","","","","","","8323198"
"391","%s se válí po zemi, smějící se %s.","","","","","","","","8323198"
"392","%s válí se po zemi, smějící se tobě.","","","","","","","","8323198"
"393","Válíš se po zemi, smějící se %s.","","","","","","","","8323198"
"394","%s se smíchem válí po zemi.","","","","","","","","8323198"
"395","Padáš smíchy na podlahu.","","","","","","","","8323198"
"396","%s udělal sprosté gesto na %s.","","","","","","","","8323198"
"397","%s udělal sprosté gesto na tebe.","","","","","","","","8323198"
"398","Udělal jsi sprosté gesto na %s.","","","","","","","","8323198"
"399","%s udělal sprosté gesto.","","","","","","","","8323198"
"400","Udělal jsi sprosté gesto.","","","","","","","","8323198"
"401","%s salutuje %s s respektem.","","","","","","","","8323198"
"402","%s ti salutuje s respektem.","","","","","","","","8323198"
"403","Salutuješ %s s respektem.","","","","","","","","8323198"
"404","%s stojí v pozoru a salutuje.","","","","","","","","4128894"
"405","Stojíš v pozoru a salutuješ.","","","","","","","","8323198"
"406","%s drbeš %s.  Jak kočičí!","","","","","","","","8323198"
"407","%s tě drbe.  Jak kočičí!","","","","","","","","8323198"
"408","Drbeš %s.  Jak kočičí!","","","","","","","","8323198"
"409","%s se podrbal.  Ó, mnohem lepší!","","","","","","","","8323198"
"410","Podrbal ses.  Ó, mnohem lepší!","","","","","","","","8323198"
"411","%s se škrábe.  Ah, mnohem lepší!","","","","","","","","8323198"
"412","%s myslí, že %s je sexy ďábel.","","","","","","","","8323198"
"413","%s myslí, že jsi sexy ďábel.","","","","","","","","8323198"
"414","Myslíš, že %s je sexy ďábel.","","","","","","","","8323198"
"415","%s je příliž sexy pro svojí tuniku...tak sexy, až to bolí.","","","","","","","","8323198"
"416","Jsi příliž sexy pro svojí tuniku...tak sexy, až to bolí.","","","","","","","","8323198"
"417","%s je příliž sexy pro svojí tuniku...tak sexy, až to bolí.","","","","","","","","8323198"
"418","%s natřásá svůj zadek na %s.","","","","","","","","8323198"
"419","%s na tebe natřásá svůj zadek.","","","","","","","","8323198"
"420","Natřásáš svůj zadek na %s.","","","","","","","","8323198"
"421","%s natřásá svůj zadek.","","","","","","","","8323198"
"422","Natřásáš svůj zadek.","","","","","","","","8323198"
"423","%s natřásá svůj zadkem na %s.","","","","","","","","8323198"
"424","%s na tebe natřásá svůj zadek.","","","","","","","","8323198"
"425","%s natřásá svůj zadek.","","","","","","","","8323198"
"426","%s křičí na %s.","","","","","","","","8323198"
"427","%s na tebe křičí.","","","","","","","","8323198"
"428","Křičíš na %s.","","","","","","","","8323198"
"429","%s křičí.","","","","","","","","8323198"
"430","Křičíš.","","","","","","","","8323198"
"431","%s krčí rameny na %s.  Kdo ví?","","","","","","","","8323198"
"432","%s na tebe krčí rameny.  Kdo ví?","","","","","","","","8323198"
"433","Krčíš rameny na %s.  Kdo ví?","","","","","","","","8323198"
"434","%s krčí rameny.  Kdo ví?","","","","","","","","4128894"
"435","Krčíš rameny. Kdo ví?","","","","","","","","8323198"
"436","%s se stydlivě usmívá na %s.","","","","","","","","4128894"
"437","%s se na tebe stydlivě usmívá.","","","","","","","","4128894"
"438","Stydlivě se usmíváš na %s.","","","","","","","","4128894"
"439","%s se stydlivě usmívá.","","","","","","","","4128894"
"440","Stydlivě se usmíváš.","","","","","","","","4128894"
"441","%s vzdychá na %s.","","","","","","","","8323198"
"442","%s na tebe vzdychá.","","","","","","","","8323198"
"443","Vzdycháš na %s.","","","","","","","","8323198"
"444","%s vydal dlouhý a táhlý povzdech.","","","","","","","","8323198"
"445","Vydal jsi dlouhý a táhlý povzdech.","","","","","","","","8323198"
"446","","","","","","","","","8323196"
"447","","","","","","","","","8323196"
"448","%s usnul. Zzzzzzz.","","","","","","","","8323198"
"449","Usnul jsi.  Zzzzzzz.","","","","","","","","8323198"
"450","%s odhaluje zuby a vrčí na %s.","","","","","","","","8323198"
"451","%s odhaluje zuby a vrčí na tebe.","","","","","","","","8323198"
"452","Odhaluješ zuby a vrčíš na %s.","","","","","","","","8323198"
"453","%s odhaluje zuby a vrčí.","","","","","","","","8323198"
"454","Odhaluješ zuby a vrčíš.","","","","","","","","8323198"
"455","%s odhaluje zuby a vrčí na %s.","","","","","","","","8323198"
"456","%s odhaluje zuby a vrčí na tebe.","","","","","","","","8323198"
"457","%s odhaluje zuby a vrčí.","","","","","","","","8323198"
"458","%s plive na %s.","","","","","","","","8323198"
"459","%s na tebe plive.","","","","","","","","8323198"
"460","Pliveš na %s.","","","","","","","","8323198"
"461","%s plive na zem.","","","","","","","","8323198"
"462","Pliveš na zem.","","","","","","","","8323198"
"463","%s sjíždí pohledem %s.","","","","","","","","8323198"
"464","%s zírá na vás.","","","","","","","","8323198"
"465","Civíš %s dolů.","","","","","","","","8323198"
"466","%s zírá do dálky.","","","","","","","","8323198"
"467","Zíráš do dálky.","","","","","","","","8323198"
"468","%s je překvapen jednáním %s.","","","","","","","","4128830"
"469","%s je překvapen tvým jednáním.","","","","","","","","4128830"
"470","Jse tak překvapen %sho akcí.","","","","","","","","4128830"
"471","%s je tak překvapen!","","","","","","","","8323198"
"472","Jsi tak překvapen!","","","","","","","","8323198"
"473","%s se vzdává %s.  Taková agónie porážky...","","","","","","","","8323198"
"474","%s se ti vzdává.  Taková agónie porážky...","","","","","","","","8323198"
"475","Vzdáváš se %s.  Taková agónie porážky...","","","","","","","","8323198"
"476","%s se vzdává protivníkům.","","","","","","","","8323198"
"477","Vzdáváš se protivníkům.","","","","","","","","8323198"
"478","%s se vzdává nepřátelům.","","","","","","","","8323198"
"479","%s si chce povídat s %s.","","","","","","","","8323198"
"480","%s si s tebou chce popovídat.","","","","","","","","8323198"
"481","Chceš si promluvit o nějakých věcech s %s.","","","","","","","","8323198"
"482","%s si mluví sám pro sebe, protože nikdo jiný očividně nemá zájem.","","","","","","","","8323198"
"483","Mluvíš sám se sebou, protože nikdo jiný nemá zájem.","","","","","","","","8323198"
"484","%s mluví se sebou neboť nikdo jiný nejeví zájem.","","","","","","","","8323198"
"485","%s si nadšeně povídá s %s.","","","","","","","","8323198"
"486","%s si s tebou nadšeně povídá.","","","","","","","","8323198"
"487","Nadšeně si povídáš s %s.","","","","","","","","8323198"
"488","%s si nadšeně se všemi povídá.","","","","","","","","8323198"
"489","Nadšeně si se všemi povídáš.","","","","","","","","8323198"
"490","%s se ptá %s.","","","","","","","","8323198"
"491","%s se tě ptá.","","","","","","","","8323198"
"492","Ptáš se %s.","","","","","","","","8323198"
"493","%s se chce dozvědět smysl života.","","","","","","","","8323198"
"494","Chceme se dozvědět smysl života.","","","","","","","","8323198"
"495","%s poklepává nohou, čekajíc na %s.","","","","","","","","8323198"
"496","%s poklepává nohou, čekajíc na tebe.","","","","","","","","8323198"
"497","Poklepáváš nohou, čekajíc na %s.","","","","","","","","8323198"
"498","%s poklepává nohou. Pospěšme si!","","","","","","","","8323198"
"499","Poklepáváš nohou.  Pospěšme si!","","","","","","","","8323198"
"500","%s poklepává nohou, čekajíc na %s.","","","","","","","","8323198"
"501","%s poklepává nohou, čekajíc na tebe.","","","","","","","","8323198"
"502","%s poklepává nohou. Pospěšme si!","","","","","","","","8323198"
"503","%s děkuje %s.","","","","","","","","8323198"
"504","%s ti děkuje.","","","","","","","","8323198"
"505","Děkuješ %s.","","","","","","","","8323198"
"506","%s všem děkuje.","","","","","","","","8323198"
"507","Děkuješ všem kolem sebe.","","","","","","","","8323198"
"508","%s hrozí %s hněvem zkázy.","","","","","","","","8323198"
"509","%s ti hrozí hněvem zkázy.","","","","","","","","8323198"
"510","Hrozíš %s hněvem zkázy.","","","","","","","","8323198"
"511","%s všem hrozí hněvem zkázy.","","","","","","","","8323198"
"512","Všem hrozíš hněvem zkázy.","","","","","","","","8323198"
"513","%s dává najevo %s, že je unaven.","","","","","","","","8323198"
"514","%s ti dává najevo, že je unaven.","","","","","","","","8323198"
"515","Dáváš najevo %s, že jsi unavený.","","","","","","","","8323198"
"516","%s dává všem najevo, že je unavený.","","","","","","","","8323198"
"517","Dáváš všem najevo, že jsi unavený.","","","","","","","","8323198"
"518","%s dává %s najevo, že je unavená.","","","","","","","","8323198"
"519","%s ti dává najevo, že je unavená.","","","","","","","","8323198"
"520","%s dává všem najevo, že je unavená.","","","","","","","","8323198"
"521","%s slaví své vítězství s %s.","","","","","","","","8323198"
"522","%s slaví své vítězství s vámi.","","","","","","","","8323198"
"523","Užíváš si vítězství s %s.","","","","","","","","8323198"
"524","%s si užívá slavné vítězství. ","","","","","","","","8323198"
"525","Vychutnáváš si pocit vítězství.","","","","","","","","8323198"
"526","%s mává  na %s.","","","","","","","","8323198"
"527","%sna tebe mává.","","","","","","","","8323198"
"528","Máváš na %s.","","","","","","","","8323198"
"529","%s mává.","","","","","","","","8323198"
"530","Máváš.","","","","","","","","8323198"
"531","%s vítá %s.","","","","","","","","8323198"
"532","%s tě vítá.","","","","","","","","8323198"
"533","Vítáš %s.","","","","","","","","8323198"
"534","%s všechny vítá.","","","","","","","","8323198"
"535","Vítej tu každého.","","","","","","","","8323198"
"536","%s žalostně kňučí nad %s.","","","","","","","","8323198"
"537","%s nad tebou žalostně kňučí.","","","","","","","","8323198"
"538","Žalostně kňučíš nad %s.","","","","","","","","8323198"
"539","%s žalostně kňučí.","","","","","","","","8323198"
"540","Ty tu žalostně fňukáš.","","","","","","","","8323198"
"541","%s hvízdá na %s.","","","","","","","","8323198"
"542","%s na tebe hvízdá.","","","","","","","","8323198"
"543","Hvízdáš na %s.","","","","","","","","8323198"
"544","%s ostře zahvízdal.","","","","","","","","8323198"
"545","You let forth a sharp whistle.","","","","","","","","8323198"
"546","%s pracuje s %s.","","","","","","","","8323198"
"547","%s s tebou pracuje.","","","","","","","","8323198"
"548","Pracuješ s %s.","","","","","","","","8323198"
"549","%s začíná pracovat.","","","","","","","","8323198"
"550","Začínáš pracovat.","","","","","","","","8323198"
"551","%s ospale zívá na %s.","","","","","","","","8323198"
"552","%s na tebe ospale zívá.","","","","","","","","8323198"
"553","Ospale zíváš na %s.","","","","","","","","8323198"
"554","%s ospale zívá.","","","","","","","","8323198"
"555","Já zívám rozespale.","","","","","","","","8323198"
"556","%s žasne nad %s.","","","","","","","","8323198"
"557","%s nad tebou žasne.","","","","","","","","8323198"
"558","Žasneš nad %s.","","","","","","","","8323198"
"559","%s si není jistý v této situaci.","","","","","","","","8323198"
"560","Nejsi si jistý v této situaci.","","","","","","","","8323198"
"561","%s se snaží uklidnit %s.","","","","","","","","8323198"
"562","%s se tě snaží uklidnit.","","","","","","","","8323198"
"563","Snažíš se uklidnit %s.","","","","","","","","8323198"
"564","%s zůstává klidný.","","","","","","","","8323198"
"565","Zůstáváš klidný.","","","","","","","","8323198"
"566","%s dává vědět %s, že je mu zima.","","","","","","","","8323198"
"567","%s ti dává vědět, že je mu zima.","","","","","","","","8323198"
"568","Dáváš vědět %s, že je ti zima.","","","","","","","","8323198"
"569","%s dává všem vědět, že je mu zima.","","","","","","","","8323198"
"570","Dáváš všem vědět, že je ti zima.","","","","","","","","8323198"
"571","%s dává vědět %s, že je jí zima.","","","","","","","","8323198"
"572","%s ti dává vědět, že je jí zima.","","","","","","","","8323198"
"573","%s dává všem vědět, že je jí zima.","","","","","","","","8323198"
"574","%s utěšuje %s.","","","","","","","","8323198"
"575","%s tě utěšuje.","","","","","","","","8323198"
"576","Utěšuješ %s.","","","","","","","","8323198"
"577","%s potřebuje utěšit.","","","","","","","","8323198"
"578","Potřebuješ utěšit.","","","","","","","","8323198"
"579","%s se tulí k %s.","","","","","","","","8323198"
"580","%s se k tobě tulí.","","","","","","","","8323198"
"581","Tulíš se k %s.","","","","","","","","8323198"
"582","%s potřebuje objetí.","","","","","","","","8323198"
"583","Potřebuješ obejmout.","","","","","","","","8323198"
"584","%s si kleká za %s.","","","","","","","","8323198"
"585","%s si za tebe kleká.","","","","","","","","8323198"
"586","Klekáš si za %s.","","","","","","","","8323198"
"587","%s si kleká, aby se ukryl.","","","","","","","","8323198"
"588","Klekáš si, aby jsi se ukryl.","","","","","","","","8323198"
"589","%s si myslí o %s, že je jen syn zlobra bez matky.","","","","","","","","8323198"
"590","%s si myslí, že jsi jen syn zlobra bez matky.","","","","","","","","8323198"
"591","Myslíš si, že je %s syn zlobra bez matky.","","","","","","","","8323198"
"592","%s si myslí, že všichni okolo jsou synové zlobra bez matky.","","","","","","","","8323198"
"593","Myslíš si, že všichni okolo jsou synové zlobra bez matky.","","","","","","","","8323198"
"594","%s si myslí, že všichni okolo jsou jen synové zlobra bez matky.","","","","","","","","8323198"
"595","%s se představuje %s.","","","","","","","","8323198"
"596","%s se ti představuje.","","","","","","","","8323198"
"597","Představuješ se %s.","","","","","","","","8323198"
"598","%s se všem představuje.","","","","","","","","8323198"
"599","Představuješ se všem.","","","","","","","","8323198"
"600","%s se představuje %s.","","","","","","","","8323198"
"601","%s se ti představuje.","","","","","","","","8323198"
"602","%s se každému představuje.","","","","","","","","8323198"
"603","%s oznamuje %s, že si jen dělal legraci!","","","","","","","","8323198"
"604","%s ti oznamuje, že si jen dělal legraci!","","","","","","","","8323198"
"605","Oznamuješ %s, že jsi si jen dělal legraci!","","","","","","","","8323198"
"606","%s si jen dělal srandu!","","","","","","","","8323198"
"607","Jen sis dělal srandu!","","","","","","","","8323198"
"608","%s oznamuje %s, že si jen dělala legraci!","","","","","","","","8323198"
"609","%s si dělala srandu.","","","","","","","","8323198"
"610","%s olizuje %s.","","","","","","","","8323198"
"611","%s tě olizuje.","","","","","","","","8323198"
"612","Olizuješ %s.","","","","","","","","8323198"
"613","%s si olizuje rty.","","","","","","","","8323198"
"614","Olizuješ si rty.","","","","","","","","8323198"
"615","%s si olizuje rty.","","","","","","","","8323198"
"616","%s pozorně naslouchá %s.","","","","","","","","8323198"
"617","%s ti pozorně naslouchá.","","","","","","","","8323198"
"618","Soustředěně posloucháš %s.","","","","","","","","8323198"
"619","%s naslouchá!","","","","","","","","8323198"
"620","Nasloucháš!","","","","","","","","8323198"
"621","%s chce, aby %s věděl, ře je beznadějně ztracen.","","","","","","","","8323198"
"622","%s chce, abys věděl, že je beznadějně ztracen.","","","","","","","","8323198"
"623","Chceš, aby %svěděl, že jsi beznadějně ztracen.","","","","","","","","8323198"
"624","%s je beznadějně ztracen.","","","","","","","","8323198"
"625","Jsi beznadějně ztracený.","","","","","","","","8323198"
"626","%s chce, aby %s věděl, že je beznadějně ztracená.","","","","","","","","8323198"
"627","%s chce aby jsi věděl, že je beznadějně ztracená.","","","","","","","","8323198"
"628","%s zesměšňuje hloupost %s.","","","","","","","","8323198"
"629","%s zesměšňuje tvou hloupost.","","","","","","","","8323198"
"630","Zesměšňuješ hloupost %s.","","","","","","","","8323198"
"631","%s napodobuje život a vše, čím je zastoupen.","","","","","","","","8323198"
"632","Napodobuješ život a vše, čím je zastoupen.","","","","","","","","8323198"
"633","%s zvažuje činy %s.","","","","","","","","8323198"
"634","%s Zvažuje tvé činy.","","","","","","","","8323198"
"635","Zvažuje činy %s.","","","","","","","","8323198"
"636","%s zvažuje situaci.","","","","","","","","8323198"
"637","Zvažuješ situaci.","","","","","","","","8323198"
"638","%s se vrhá na %s.","","","","","","","","8323198"
"639","%s se na tebe vrhá.","","","","","","","","8323198"
"640","Vrháš se na %s.","","","","","","","","8323198"
"641","%s se vrhá ze stínů.","","","","","","","","8323198"
"642","Vrháš se ze stínů.","","","","","","","","8323198"
"643","%s nešetří chválou na %s.","","","","","","","","8323198"
"644","%s nešetří chválou na tebe","","","","","","","","8323198"
"645","Ty dáváš velkou chválu %s.","","","","","","","","8323198"
"646","%s velebí Světlo.","","","","","","","","8323198"
"647","Velebíš Světlo.","","","","","","","","8323198"
"648","%s přede na %s.","","","","","","","","8323198"
"649","%s na tebe přede.","","","","","","","","8323198"
"650","Předeš na %s.","","","","","","","","8323198"
"651","%s přede jak kotě.","","","","","","","","8323198"
"652","Předeš jako kotě.","","","","","","","","8323198"
"653","%s je zmatený z %s.","","","","","","","","8323198"
"654","%s je z tebe zmatený. Co se to tu děje?","","","","","","","","8323198"
"655","Jsi zmatený z %s.","","","","","","","","8323198"
"656","%s je zmatený. Co se to tu děje?","","","","","","","","8323198"
"657","Jsi zmatený. Co se to tu děje?","","","","","","","","8323198"
"658","%s se podíval na %s a zvedá ruku.","","","","","","","","8323198"
"659","%s se na tebe podíval a zvedá ruku.","","","","","","","","8323198"
"660","Podíval jsi se na %s a zvedáš ruku.","","","","","","","","8323198"
"661","%s zvedá ruku.","","","","","","","","8323198"
"662","Zvedáš ruku.","","","","","","","","8323198"
"663","%s se podíval na %s a zvedá ruku do vzduchu.","","","","","","","","8323198"
"664","%s podívala se na tebe a zvedá ruku do vzduchu.","","","","","","","","8323198"
"665","%s zvedá ruku do vzduchu.","","","","","","","","8323198"
"666","%s oznamuje %s, že je připraven!","","","","","","","","8323198"
"667","%s ti oznamuje, že je připraven!","","","","","","","","8323198"
"668","Oznamuješ %s, že jsi připraven!","","","","","","","","8323198"
"669","%s všem oznamuje, že je připraven!","","","","","","","","8323198"
"670","Oznamuješ všem, že jsi připraven!","","","","","","","","8323198"
"671","%s ti oznamuje, že je připravena!","","","","","","","","8323198"
"672","%s oznamuje všem, že je připravena!","","","","","","","","8323198"
"673","%s tančí před %s.","","","","","","","","8323198"
"674","%s před tebou tančí.","","","","","","","","8323198"
"675","Tančíš před %s.","","","","","","","","8323198"
"676","%s tanší před masami lidí.","","","","","","","","8323198"
"677","Tančíš před masami lidí.","","","","","","","","8323198"
"678","%s se třese poboku %s. Studí!","","","","","","","","8323198"
"679","%s se třese po tvém boku. Studí!","","","","","","","","8323198"
"680","Třeseš se poboku %s. Studí!","","","","","","","","8323198"
"681","%s se celý třese. Studí!","","","","","","","","8323198"
"682","Celý se třeseš. Studí!","","","","","","","","8323198"
"683","%s se celý třese. Studí!","","","","","","","","8323198"
"684","%s odhání %s od sebe. Zmiz, švábe!","","","","","","","","8323198"
"685","%s tě od sebe odhání. Zmiz, švábe!","","","","","","","","8323198"
"686","Odháníš %s od sebe. Zmiz, švábe!","","","","","","","","8323198"
"687","%s od sebe odhání otravný hmyz.","","","","","","","","8323198"
"688","Odháníš od sebe otravný hmyz.","","","","","","","","8323198"
"689","%s dává facku %s. Au!","","","","","","","","8323198"
"690","%s ti dává facku. Au!","","","","","","","","8323198"
"691","Dáváš facku %s. Au!","","","","","","","","8323198"
"692","%s si dává facku. Au!","","","","","","","","8323198"
"693","Dáváš si facku. Au!","","","","","","","","8323198"
"694","%s si dává facku. Au!","","","","","","","","8323198"
"695","%s se podle šklebí na %s.","","","","","","","","8323198"
"696","%s se na tebe podle šklebí.","","","","","","","","8323198"
"697","Podle se šklebíš na %s.","","","","","","","","8323198"
"698","Podlý úšklebek se rozpíná po celé tváři %s.","","","","","","","","8323198"
"699","Podlý úšklebek se rozpíná po celé tvé tváři.","","","","","","","","8323198"
"700","%s čichá k %s.","","","","","","","","8323198"
"701","%s k tobě čichá.","","","","","","","","8323198"
"702","Čicháš k %s.","","","","","","","","8323198"
"703","%s nasává vzduch okolo sebe.","","","","","","","","8323198"
"704","Nasáváš vzduch okolo sebe.","","","","","","","","8323198"
"705","%s nasává vzduch okolo sebe.","","","","","","","","8323198"
"706","%s uráží %s.","","","","","","","","8323198"
"707","%s tě uráží.","","","","","","","","8323198"
"708","Urážíš %s.","","","","","","","","8323198"
"709","% s urážky kolem všech ponížených Peonů.","","","","","","","","8323198"
"710","Jste urážkou všech skromných peonů kolem vás.","","","","","","","","8323198"
"711","% s urážky kolem všech ponížených Peonů.","","","","","","","","8323198"
"712","%s utišuje %s. Jsem tady...všechno bude v pořádku.","","","","","","","","4128894"
"713","%s tě utišuje. Jsem tady...všechno bude v pořádku.","","","","","","","","4128894"
"714","Utišuješ %s. Jsem tady...všechno bude v pořádku.","","","","","","","","4128894"
"715","%s potřebuje utišit.","","","","","","","","8323198"
"716","Potřebuješ utišit.","","","","","","","","8323198"
"717","%s čichá k %s. Wow, někdo tu smrdí!","","","","","","","","8323198"
"718","%s k tobě číchá. Wow, někdo tu smrdí!","","","","","","","","8323198"
"719","Čicháš k %s. Wow, někdo tu smrdí!","","","","","","","","8323198"
"720","%s čichá vzduch okolo. Wow, někdo tu smrdí!","","","","","","","","8323198"
"721","Čicháš vzduch okolo. Wow, někdo tu smrdí!","","","","","","","","8323198"
"722","%s čichá vzduch okolo. Wow, někdo tu smrdí!","","","","","","","","8323198"
"723","%s se vysmívá %s. Pojď na to!","","","","","","","","8323198"
"724","%s se ti vysmívá. Pojď na to!","","","","","","","","8323198"
"725","Vysmíváš se %s. Pojď na to!","","","","","","","","8323198"
"726","%s se všem okolo vysmívá. Pojďte na to, hlupáci!","","","","","","","","8323198"
"727","Všem okolo se vysmíváš. Pojďte na to, hlupáci!","","","","","","","","8323198"
"728","%s se všem okolo vysmívá. Pojďte na to, hlupáci!","","","","","","","","8323198"
"729","%s si dělá srandu z %s.","","","","","","","","8323198"
"730","%s si z tebe dělá srandu.","","","","","","","","8323198"
"731","Děláš si srandu z %s.","","","","","","","","8323198"
"732","%s je takový šprýmař.","","","","","","","","8323198"
"733","Jsi takový šprýmař.","","","","","","","","8323198"
"734","%s říká %s, že má žízeň. Co takhle něco k pití?","","","","","","","","8323198"
"735","%s ti říká, že má žízeň. Co takhle něco k pití?","","","","","","","","8323198"
"736","Oznamuješ %s, že máš žízeň. Co takhle něco k pití?","","","","","","","","8323198"
"737","%s je tak žíznivý. Nemá tady někdo něco k pití?","","","","","","","","8323198"
"738","Jsi tak žíznivý. Nemá tady někdo něco k pití?","","","","","","","","8323198"
"739","%s říká %s, že je žíznivá. Co takhle něco k pití?","","","","","","","","8323198"
"740","%s ti říká, že je žíznivá. Co takhle něco k pití?","","","","","","","","8323198"
"741","% s% s veta je v pohybu.","","","","","","","","8323198"
"742","%s vetoval tvůj pohyb.","","","","","","","","8323198"
"743","Zakazuješ %s pohybovat se.","","","","","","","","8323198"
"744","%s vetuje návrh na podlaze.","","","","","","","","8323198"
"745","Zakazuješ pohybovat se po podlaze.","","","","","","","","8323198"
"746","%s se tiše hihňá %s.","","","","","","","","8323198"
"747","%s se ti tiše hihňá.","","","","","","","","8323198"
"748","Tiše se %s hihňáš.","","","","","","","","8323198"
"749","%s se tiše hihňá.","","","","","","","","8323198"
"750","Tiše se hihňáš.","","","","","","","","8323198"
"751","%s se tiše hihňá.","","","","","","","","8323198"
"752","%s lechtá %s.  Ha ha!","","","","","","","","8323198"
"753","%s tě lechtá.  Ha ha!","","","","","","","","8323198"
"754","Lechtáš %s.  Ha ha!","","","","","","","","8323198"
"755","%s chce být zlechtán.  Ha ha!","","","","","","","","8323198"
"756","Chceš být polechtán.  Ha ha!","","","","","","","","8323198"
"757","%s hraje %s na nejmenší housle na světě.","","","","","","","","8323198"
"758","%s ti hraje na nejmenší housle na světě.","","","","","","","","8323198"
"759","Hraješ %s na nejmenší housle na světě.","","","","","","","","8323198"
"760","%s začíná hrát na city.","","","","","","","","8323198"
"761","Začínáš hrát na city.","","","","","","","","8323198"
"762","%s se usmívá na %s.","","","","","","","","8323198"
"763","%s se na tebe usmívá.","","","","","","","","8323198"
"764","Usmíváš se na %s.","","","","","","","","8323198"
"765","%s se usmívá.","","","","","","","","8323198"
"766","Usmíváš se.","","","","","","","","8323198"
"777","%s oznamuje %s, že je připravena!","","","","","","","","8323198"
"778","%s udělal sprosté gesto na %s.","","","","","","","","8323198"
"779","%s udělal sprosté gesto na tebe.","","","","","","","","8323198"
"780","Udělal jsi sprosté gesto na %s.","","","","","","","","8323198"
"781","%s udělal sprosté gesto.","","","","","","","","8323198"
"782","Udělal jsi sprosté gesto.","","","","","","","","8323198"
"797","%s s lítostí shlédne na %s.","","","","","","","","4128894"
"798","%s na tebe s lítostí shlédne.","","","","","","","","4128894"
"799","S lítostí shlédneš na %s.","","","","","","","","4128894"
"800","%s lituje ty kolem něho.","","","","","","","","4128894"
"801","%s lituje ty kolem ní.","","","","","","","","4128894"
"802","Lituješ ty kolem sebe.","","","","","","","","4128894"
"803","%s hrozivě zahřmí na %s.","","","","","","","","4128894"
"804","%s na tebe hrozivě zahřmí.","","","","","","","","4128894"
"805","Hrozivě zahřmíš na %s.","","","","","","","","4128894"
"806","%s hrozivě zahřmí.","","","","","","","","4128894"
"807","Hrozivě zahřmíš.","","","","","","","","4128894"
"808","%s štěká na %s.","","","","","","","","4128894"
"809","%s na tebe štěká.","","","","","","","","4128894"
"810","Štěkáš na %s.","","","","","","","","4128894"
"811","%s štěká. Haf haf!","","","","","","","","4128894"
"812","Štěkáš. Haf haf!","","","","","","","","4128894"
"817","%s se bojí %s.","","","","","","","","4128894"
"818","%s se tě bojí.","","","","","","","","4128894"
"819","Bojíš se %s.","","","","","","","","4128894"
"820","%s se bojí!","","","","","","","","4128894"
"821","Jsi vystrašen!","","","","","","","","4128894"
"822","%s se propadne se bezmocně okolo %s.","","","","","","","","4128894"
"823","%s propadne se bezmocně okolo vás.","","","","","","","","4128894"
"824","udeřit bezmocně kolem sebe %s.","","","","","","","","4128894"
"825","%s propadá bezmoci.","","","","","","","","4128894"
"826","Bezmocně přešlapuješ.","","","","","","","","4128894"
"827","%s miluje %s.","","","","","","","","4128894"
"828","%s tě miluje.","","","","","","","","4128894"
"829","Miluješ %s.","","","","","","","","4128894"
"830","%s se cítí zamilovaný.","","","","","","","","4128894"
"831","Cítíš se zamilovaný.","","","","","","","","4128894"
"832","%s bučí na %s. Bůůůůůůůůůůů.","","","","","","","","4128894"
"833","%s na tebe bučí. Bůůůůůůůůůůů.","","","","","","","","4128894"
"834","Bučíš na %s. Bůůůůůůůůůůů.","","","","","","","","4128894"
"835","%s bučí. Bůůůůůůůůůůů.","","","","","","","","4128894"
"836","Bůůůůůůůůůůů.","","","","","","","","4128894"
"837","%s chválí %s za dobře vykonanou práci.","","","","","","","","4128894"
"838","%s tě chválí za dobře vykonanou práci.","","","","","","","","4128894"
"839","Chválíš %s za dobře vykonanou práci.","","","","","","","","4128894"
"840","%s všechny chválí za dobře vykonanou práci.","","","","","","","","4128894"
"841","Chválíš všechny za dobře vykonanou práci.","","","","","","","","4128894"
"862","","","","","","","","","4128892"
"863","","","","","","","","","4128892"
"864","","","","","","","","","4128892"
"865","%s volá o pomoc!","","","","","","","","4128894"
"866","Voláš o pomoc!","","","","","","","","4128894"
"867","%s ukazuje na %s, jako na blížícího se nepřítele!","","","","","","","","4128892"
"868","%s na tebe ukazuje jako na blížícího se nepřítele!","","","","","","","","4128892"
"869","Ukazuješ na %s jako na blížícího se nepřítele!","","","","","","","","4128892"
"870","%s varuje všechny o přicházejících nepřátelích!","","","","","","","","4128894"
"871","Varuješ všechny o přicházejících nepřátelích!","","","","","","","","4128894"
"872","","","","","","","","","4128892"
"873","","","","","","","","","4128892"
"874","","","","","","","","","4128892"
"875","%s útočí.","","","","","","","","4128894"
"876","Útočíš.","","","","","","","","4128894"
"877","%s křičí na %s, aby uprchnul!","","","","","","","","4128894"
"878","%s na tebe křičí, abys uprchnul!","","","","","","","","4128894"
"879","Křičíš na %s, aby uprchnul!","","","","","","","","4128894"
"880","%s křičí na všechny, aby uprchli!","","","","","","","","4128894"
"881","Křičíš na všechny, aby uprchli!","","","","","","","","4128894"
"882","%s ti říká, ať útočíš na %s.","","","","","","","","4128894"
"883","%s říká všem, aby tě napadli.","","","","","","","","4128894"
"884","Říkáš všem, aby útočili na %s.","","","","","","","","4128894"
"885","%s ti říká, ať na něco zaútočíš.","","","","","","","","4128894"
"886","Říkáš všem, aby na něco zaútočili.","","","","","","","","4128894"
"887","%s má nedostatek many.","","","","","","","","4128894"
"888","Oznamuješ, že nemáš dostatek many!","","","","","","","","4128894"
"889","%s navrhuješ %s, aby tě následoval.","","","","","","","","4128894"
"890","%s ti navrhuje, abys ho následoval.","","","","","","","","4128894"
"891","Navrhuješ %s, aby tě následoval.","","","","","","","","4128894"
"892","%s ti navrhuje, abys ho následoval.","","","","","","","","4128894"
"893","Navrhuješ všem, aby tě následovali.","","","","","","","","4128894"
"894","%s žádá %s, aby počkal.","","","","","","","","4128894"
"895","%s tě žádá, abys počkal.","","","","","","","","4128894"
"896","Žádáš %s, aby počkal.","","","","","","","","4128894"
"897","%s tě žádá, abys počkal.","","","","","","","","4128894"
"898","Žádáš všechny, aby počkali.","","","","","","","","4128894"
"899","%s požaduje vyléčení!","","","","","","","","4128894"
"900","Požaduješ vyléčení!","","","","","","","","4128894"
"901","%s dává rozkaz k palbě.","","","","","","","","4128894"
"902","Dáváš rozkaz k palbě.","","","","","","","","4128894"
"903","%s flirtuje s %s.","","","","","","","","4128894"
"904","%s s tebou flirtuje.","","","","","","","","4128894"
"905","Flirtuješ s %s.","","","","","","","","4128894"
"906","%s flirtuje.","","","","","","","","4128894"
"907","Flirtuješ.","","","","","","","","4128894"
"908","%s říká %s vtip.","","","","","","","","4128894"
"909","%s ti říká vtip.","","","","","","","","4128894"
"910","Říkáš %s vtip.","","","","","","","","4128894"
"911","%s říká vtip.","","","","","","","","4128894"
"912","Řekli jsi vtip.","","","","","","","","4128894"
"913","%s tleská %s. Skvěle!","","","","","","","","4128894"
"914","%s Zatleskal pro vaší, jasnou nezaujatost.","","","","","","","","4128894"
"915","Zatleskal vám pro %s, jasnou nezaujatost.","","","","","","","","4128894"
"916","%s Poloviční, nevýrazné zatleskání.","","","","","","","","4128894"
"917","Tleskáš váhavě a velice nevýrazně.","","","","","","","","4128894"
"918","%s šibalsky mrká na %s.","","","","","","","","4128894"
"919","%s na tebe šibalsky mrká.","","","","","","","","4128894"
"920","Mrkáš šibalsky na %s.","","","","","","","","4128894"
"921","%s šibalsky mrká.","","","","","","","","4128894"
"922","Šibalsky mrkáš.","","","","","","","","4128894"
"923","%s jemně poplácává %s.","","","","","","","","4128894"
"924","%s tě jemně poplácává.","","","","","","","","4128894"
"925","Jemně poplácáváš %s.","","","","","","","","4128894"
"926","%s potřebuje poplácat.","","","","","","","","4128894"
"927","Potřebuješ poplácat.","","","","","","","","4128894"
